id,name,email,age,city,salary,department
0,NsOHoca,nsohoca@company.com,54,New York,85114,HR
1,8vDDNFL3fzj,8vddnfl3fzj@company.com,32,Seattle,75678,Finance
2,xKNrRwB,xknrrwb@company.com,62,San Francisco,198086,Engineering
3,aLuE5IRynOXvq,alue5irynoxvq@company.com,52,Boston,195265,Engineering
4,Zawu1N,zawu1n@company.com,22,Seattle,170437,Sales
5,i9GYTv0M5v69r,i9gytv0m5v69r@company.com,26,Austin,66489,Marketing
6,4uvjXu9x7V0h,4uvjxu9x7v0h@company.com,64,New York,108206,Sales
7,xFdFPCKEp2yN,xfdfpckep2yn@company.com,63,Chicago,197215,Finance
8,P4tLuQqfsE47w,p4tluqqfse47w@company.com,36,Seattle,106011,Engineering
9,rxm8a0aWUe,rxm8a0awue@company.com,32,Austin,153895,HR
10,F6a1VUgQbK,f6a1vugqbk@company.com,29,Austin,122659,Engineering
11,i4H99IC,i4h99ic@company.com,45,Seattle,155820,Marketing
12,DGiyWi5hQ6,dgiywi5hq6@company.com,48,Austin,93996,HR
13,zURUwtXz7a,zuruwtxz7a@company.com,44,San Francisco,78233,Engineering
14,0I1Wz,0i1wz@company.com,56,Boston,124038,Finance
15,Qq3XW4pUNiJEb,qq3xw4punijeb@company.com,61,New York,140804,Engineering
16,tftVosc,tftvosc@company.com,49,Boston,120745,Engineering
17,lN9JMTaqNWQhH,ln9jmtaqnwqhh@company.com,26,Seattle,147522,HR
18,hCL4RlLq2Mj3,hcl4rllq2mj3@company.com,48,Austin,187946,Engineering
19,oQ2zOHJnf,oq2zohjnf@company.com,39,Chicago,160106,Finance
20,JijZ9H,jijz9h@company.com,24,Seattle,56149,Operations
21,hIDo3VLRzXO,hido3vlrzxo@company.com,54,Seattle,164862,HR
22,PFiQ0,pfiq0@company.com,51,Chicago,151914,Operations
23,ahZgzIx,ahzgzix@company.com,62,San Francisco,136956,Sales
24,zDm2wkOz2Rs,zdm2wkoz2rs@company.com,53,New York,125146,HR
25,GSQ93as,gsq93as@company.com,43,Chicago,75628,Operations
26,gt2LmOf8cL,gt2lmof8cl@company.com,59,Seattle,183866,Operations
27,kj8jYM16TTpI,kj8jym16ttpi@company.com,27,New York,124715,HR
28,xbueLd7bzIRIU,xbueld7bziriu@company.com,32,New York,176806,HR
29,LCAcKdEs08Vko,lcackdes08vko@company.com,61,San Francisco,51825,Operations
30,0fWC6dw6VV,0fwc6dw6vv@company.com,54,Chicago,141866,Marketing
31,iECWzHJC,iecwzhjc@company.com,23,Boston,100655,Engineering
32,oUq4SxZSQqkPH,ouq4sxzsqqkph@company.com,44,Seattle,66705,Engineering
33,sbT00N,sbt00n@company.com,54,San Francisco,145311,Finance
34,TVbXbRgRA,tvbxbrgra@company.com,37,New York,96607,HR
35,UjcsuIdsYz,ujcsuidsyz@company.com,36,Austin,130871,Operations
36,sUcwJ44hD6tx,sucwj44hd6tx@company.com,38,Chicago,114158,Engineering
37,1Zuqz,1zuqz@company.com,61,New York,83544,Engineering
38,hu7vnMje49PC1t,hu7vnmje49pc1t@company.com,56,Boston,136825,Sales
39,V8MIphf,v8miphf@company.com,53,Boston,59263,HR
40,DP5CE,dp5ce@company.com,28,Boston,94146,Sales
41,bPo7kN7yVG3,bpo7kn7yvg3@company.com,46,Seattle,163519,Finance
42,SE64VdeY,se64vdey@company.com,46,Austin,74085,HR
43,mDfdJNeVlmv,mdfdjnevlmv@company.com,39,Boston,155886,HR
44,q38OMA,q38oma@company.com,64,Seattle,89635,Finance
45,Z9KMprLXkF4m,z9kmprlxkf4m@company.com,22,Chicago,164026,Finance
46,BdUMWY,bdumwy@company.com,53,Boston,55694,HR
47,vagYcK9SL4,vagyck9sl4@company.com,58,Chicago,67742,Finance
48,6eD43C,6ed43c@company.com,41,Boston,148723,Marketing
49,THdxw4r47A9,thdxw4r47a9@company.com,59,Austin,88826,Operations
50,Yhb9aNXzi,yhb9anxzi@company.com,53,Seattle,121639,Engineering
51,uLDmJp,uldmjp@company.com,47,Austin,72666,Operations
52,0f0UH4likrxV,0f0uh4likrxv@company.com,49,Boston,109477,HR
53,1IwMWxeoHe,1iwmwxeohe@company.com,62,San Francisco,108504,Engineering
54,FDGRjn,fdgrjn@company.com,38,Seattle,132550,Sales
55,uRVI1u,urvi1u@company.com,29,Seattle,94403,Finance
56,sU9RNQfK7j,su9rnqfk7j@company.com,42,Chicago,199599,Engineering
57,hmLh0aXFE,hmlh0axfe@company.com,62,Austin,94999,Finance
58,jOmOYE,jomoye@company.com,30,Seattle,64674,HR
59,ScADzlG,scadzlg@company.com,54,San Francisco,108774,Sales
60,cYgXwPbj4mF,cygxwpbj4mf@company.com,54,San Francisco,166960,Finance
61,ql6RDEz5KB,ql6rdez5kb@company.com,52,New York,169095,Operations
62,OHdxK,ohdxk@company.com,58,Boston,182035,Operations
63,ZryEApiZ5,zryeapiz5@company.com,51,Chicago,63035,Engineering
64,g15ANKgBKwJ,g15ankgbkwj@company.com,46,New York,168513,Operations
65,Etn3Kls,etn3kls@company.com,52,New York,107784,Engineering
66,bKbxTYG8Uh6,bkbxtyg8uh6@company.com,46,Chicago,104673,Marketing
67,phrqGCIydYr,phrqgciydyr@company.com,47,Boston,189283,Engineering
68,fNpJrsWOLU,fnpjrswolu@company.com,22,Chicago,100181,Marketing
69,ECXGPbz,ecxgpbz@company.com,41,New York,60088,Finance
70,KtwsVLf,ktwsvlf@company.com,45,San Francisco,183638,HR
71,sN7ov43Y1tN,sn7ov43y1tn@company.com,50,Boston,181456,Marketing
72,jAlN07yFvtT,jaln07yfvtt@company.com,58,Chicago,70121,Marketing
73,O2lPu6O,o2lpu6o@company.com,54,Austin,57354,Finance
74,Lej9nvO,lej9nvo@company.com,28,Austin,153057,Finance
75,Xx8zaq,xx8zaq@company.com,46,New York,135935,Finance
76,sdtnEzlUvoVcZ,sdtnezluvovcz@company.com,61,Austin,167851,Marketing
77,MCnn6vAAuD,mcnn6vaaud@company.com,48,Seattle,127082,HR
78,qP8EfQ7,qp8efq7@company.com,23,San Francisco,84174,Sales
79,jQpr8utwJcX,jqpr8utwjcx@company.com,51,Chicago,196540,Engineering
80,rmPTeECB,rmpteecb@company.com,45,New York,81198,Operations
81,SVJEXMnZyT8lY3,svjexmnzyt8ly3@company.com,56,San Francisco,51658,Marketing
82,Ja2422dgCU,ja2422dgcu@company.com,49,Austin,128840,Finance
83,KNzWNBs,knzwnbs@company.com,23,Chicago,50577,Operations
84,4VHKswb7,4vhkswb7@company.com,28,Seattle,136008,Marketing
85,KAKdXm5,kakdxm5@company.com,38,New York,119247,HR
86,eqz70hba,eqz70hba@company.com,60,Austin,115774,Operations
87,0XMoPA,0xmopa@company.com,33,Austin,143685,Sales
88,nvOU3,nvou3@company.com,23,Seattle,114426,Sales
89,yh6FnBzE6y73o,yh6fnbze6y73o@company.com,62,Seattle,138712,Marketing
90,HRUDesJr6aMDmA,hrudesjr6amdma@company.com,30,San Francisco,51262,Marketing
91,KtvEYUDE,ktveyude@company.com,25,Chicago,126227,Finance
92,d5Iv2dh,d5iv2dh@company.com,22,Chicago,168683,Marketing
93,Zqmghih,zqmghih@company.com,40,Austin,168508,Operations
94,ZNf2U,znf2u@company.com,55,Chicago,75370,Sales
95,6ztuRr3nXtVZbp,6zturr3nxtvzbp@company.com,60,Chicago,131231,HR
96,ckzik,ckzik@company.com,37,Austin,185329,Finance
97,CMB0dWY,cmb0dwy@company.com,61,Chicago,142824,Operations
98,1LE88etAVnu,1le88etavnu@company.com,61,Chicago,158497,Finance
99,LXqOtFVTEn0b,lxqotfvten0b@company.com,29,Austin,76205,Sales
